{"cameraMode":{"drawMode":0,"name":"Shaded","section":"Shading Mode"},"sceneLighting":false,"audioPlay":false,"sceneViewState":{"showFog":true,"showMaterialUpdate":false,"showSkybox":false,"showFlares":true,"showImageEffects":true,"showParticleSystems":true},"in2DMode":false,"pivot":{"x":3.8214025497436525,"y":-1.326094150543213,"z":10.86268424987793},"rotation":{"x":0.40944093465805056,"y":-0.4085431396961212,"z":0.2123795598745346,"w":0.7876201272010803},"size":3.6118927001953127,"orthographic":true}