{"cameraMode":{"drawMode":0,"name":"Shaded","section":"Shading Mode"},"sceneLighting":false,"audioPlay":false,"sceneViewState":{"showFog":true,"showMaterialUpdate":false,"showSkybox":false,"showFlares":true,"showImageEffects":true,"showParticleSystems":true},"in2DMode":false,"pivot":{"x":-0.9200958013534546,"y":0.26988887786865237,"z":0.4816133975982666},"rotation":{"x":0.2643588185310364,"y":-0.7109020352363586,"z":0.33685314655303957,"w":0.5579100847244263},"size":4.6141839027404789,"orthographic":false}