{"cameraMode":{"drawMode":0,"name":"Shaded","section":"Shading Mode"},"sceneLighting":false,"audioPlay":false,"sceneViewState":{"showFog":true,"showMaterialUpdate":false,"showSkybox":false,"showFlares":true,"showImageEffects":true,"showParticleSystems":true},"in2DMode":false,"pivot":{"x":-0.13667047023773194,"y":-0.34005147218704226,"z":-0.49693727493286135},"rotation":{"x":0.1539362072944641,"y":-0.5595064759254456,"z":0.106674924492836,"w":0.8073903322219849},"size":2.328941822052002,"orthographic":false}