{"cameraMode":{"drawMode":0,"name":"Shaded","section":"Shading Mode"},"sceneLighting":true,"audioPlay":false,"sceneViewState":{"showFog":true,"showMaterialUpdate":false,"showSkybox":true,"showFlares":true,"showImageEffects":true,"showParticleSystems":true},"in2DMode":false,"pivot":{"x":6.703000068664551,"y":1.0250002145767213,"z":3.0},"rotation":{"x":0.18946021795272828,"y":0.7079662680625916,"z":-0.20695389807224275,"w":0.6481212973594666},"size":3.982921600341797,"orthographic":true}